,count,unique,top,freq,mean,std,min,25%,50%,75%,max
umur,220.0,,,,46.623295454545456,17.264467989427597,0.0,34.0,46.0,61.25,102.125
tekanan_sistolik,220.0,,,,120.19386675648458,18.75570810287162,76.84848287482109,109.96344364420688,119.04793631610066,132.04008415713074,165.15504492651652
tekanan_diastolik,220.0,,,,78.6278023173433,12.67784897607104,44.51148075830196,70.05389295976573,78.0577338293266,87.08216776074158,112.62457996220536
glukosa,220.0,,,,107.6052223899921,27.557451665676464,41.68939573925972,92.14810652539065,110.41896445305306,125.78724704947793,176.24595783560886
bmi,220.0,,,,24.143387022241917,4.367686372691427,12.71634562617224,21.331297085468243,23.999351072795868,27.074598058332246,35.68954951762825
jenis_kelamin,220,2,Perempuan,124,,,,,,,
perokok,220,2,Tidak,168,,,,,,,
diagnosis,220,2,Normal,160,,,,,,,
