feature,chi2,p_value,dof
Gender,7.114966639164132,0.02851048628426336,2
ShoeBrand,7.031482174694035,0.31794556154710873,6
TrainingType,6.135980117426161,0.40813131493150356,6
